,physical,emotional,intellectual
physical,1.0,-0.9617571239367172,0.873719692594261
emotional,-0.9617571239367172,1.0,-0.9262529813525341
intellectual,0.873719692594261,-0.9262529813525341,1.0
